Unnamed: 0,address,price,type,no_bed,no_bath,agent,url,garden,parking,new_home,postcode,location,latitude,longitude,tenure,to_nearest_station,to_nearest_school,tax_band
120,"Chamberlain Crescent, Shirley, Solihull, B90 2DG",320000,Semi-Detached,3,1,"Arden Estates, Solihull",https://www.rightmove.co.uk/properties/154487696#/?channel=RES_BUY,True,True,False,B90 2DG,"Chamberlain Crescent, Shirley, Solihull, West Midlands, England, B90 2DG, United Kingdom",52.4071071,-1.8342411,Freehold,0.5 miles,0.1 miles,Band: C
164,"Dolphin Lane, Birmingham",260000,End of Terrace,3,1,"Manny Klarico, Hall Green",https://www.rightmove.co.uk/properties/152541710#/?channel=RES_BUY,True,True,False,,"Dolphin Lane, Acocks Green, Fox Hollies, Birmingham, West Midlands, England, B27 7NP, United Kingdom",52.4383187,-1.8271902,Ask agent,0.7 miles,0.1 miles,Band: A
39,"Barrington Road, Olton, Solihull",280000,Semi-Detached,3,1,"Melvyn Danes, Solihull",https://www.rightmove.co.uk/properties/152587607#/?channel=RES_BUY,True,True,False,,"Barrington Road, Olton, Solihull, West Midlands, England, B92 8DP, United Kingdom",52.4403302,-1.8018797,Freehold,0.2 miles,0.2 miles,Band: C
551,"St. Bernards Road, Olton, Solihull",850000,Detached,5,3,"Andrew Grant, Covering the West Midlands",https://www.rightmove.co.uk/properties/154454360#/?channel=RES_BUY,True,True,False,,"St Bernards Road, Kineton Green, Solihull, West Midlands, England, B92 7BJ, United Kingdom",52.4248617,-1.8117227,Freehold,0.1 miles,0.2 miles,
199,"Fircroft, Solihull",550000,Detached,4,2,"Ruxton Independent Estate Agents & Valuers, Solihull",https://www.rightmove.co.uk/properties/149876141#/?channel=RES_BUY,True,True,False,,"Fircroft, Ulverley Green, Solihull, West Midlands, England, B91 1BE, United Kingdom",52.4255363,-1.7974712,Freehold,0.8 miles,0.2 miles,Band: F
550,"St Bernards Road, Solihull",700000,Detached,4,2,"Smart Homes Ltd, Shirley",https://www.rightmove.co.uk/properties/150109985#/?channel=RES_BUY,True,True,False,,"St Bernards Road, Kineton Green, Solihull, West Midlands, England, B92 7BJ, United Kingdom",52.4248617,-1.8117227,Freehold,1.2 miles,0.2 miles,Band: F
65,"Botteville Road, Birmingham",395000,End of Terrace,4,2,"Open House Estate Agents, Nationwide",https://www.rightmove.co.uk/properties/149075144#/?channel=RES_BUY,False,False,False,,"Botteville Road, Acocks Green, Fox Hollies, Birmingham, West Midlands, England, B27 7BW, United Kingdom",52.4431906,-1.8214755,Freehold,0.4 miles,0.1 miles,Band: C
513,"Sharmans Cross Road, Solihull",850000,Detached,4,1,"DM & Co. Homes, Solihull",https://www.rightmove.co.uk/properties/149030648#/?channel=RES_BUY,True,True,False,,"Sharmans Cross Road, Sharmans Cross, Solihull, West Midlands, England, B91 1RQ, United Kingdom",52.4161413,-1.8004989,Freehold,0.5 miles,0.2 miles,Band: F
78,"Broad Road, BIRMINGHAM",360000,Semi-Detached,3,1,"Shipways, Shirley",https://www.rightmove.co.uk/properties/150295814#/?channel=RES_BUY,True,True,False,,"Broad Road, Acocks Green, Fox Hollies, Birmingham, West Midlands, England, B27 7XB, United Kingdom",52.4469268,-1.8289905,Freehold,0.4 miles,0.1 miles,Band: B
596,"Tenchlee Place, Hall Green, Birmingham",330000,Semi-Detached,3,2,"Connells, Birmingham City",https://www.rightmove.co.uk/properties/141188108#/?channel=RES_BUY,True,True,True,,"Shaftmoor Lane, Hall Green, Birmingham, West Midlands, England, B28 8SW, United Kingdom",52.44236410112429,-1.8427314180797243,Freehold,0.2 miles,0.2 miles,Band: TBC
659,"Warwick Road, Solihull, West Midlands, B92",200000,Bungalow,2,1,"Dixons, Solihull",https://www.rightmove.co.uk/properties/154012946#/?channel=RES_BUY,True,True,False,B92,"Warwick Road, Olton, Solihull, West Midlands, England, B92 7JT, United Kingdom",52.4387414,-1.8071598,Leasehold,0.5 miles,0.5 miles,Band: C
97,"Bushmore Road, Birmingham",375000,Semi-Detached,4,1,"Burchell Edwards, Shirley",https://www.rightmove.co.uk/properties/147843119#/?channel=RES_BUY,True,True,False,,"Bushmore Road, Hall Green, Birmingham, West Midlands, England, B28 9JX, United Kingdom",52.4285304,-1.8347225,Freehold,0.8 miles,0.2 miles,Band: C
326,"Longmore Road, Shirley",365000,Semi-Detached,3,1,"Smart Homes Ltd, Shirley",https://www.rightmove.co.uk/properties/154028207#/?channel=RES_BUY,True,True,False,,"Longmore Road, Blossomfield, Solihull, West Midlands, England, B90 3EX, United Kingdom",52.4044141,-1.8134917,Freehold,1.3 miles,0.2 miles,Band: D
84,"Brook Lane, Birmingham, West Midlands, B13",410000,Detached,3,1,"Robert Oulsnam & Company, Kings Heath",https://www.rightmove.co.uk/properties/152029832#/?channel=RES_BUY,True,True,False,B13,"Brook Lane, Billesley, Yardley Wood, Birmingham, West Midlands, England, B13 0BJ, United Kingdom",52.4292524,-1.8575046,Ask agent,1.3 miles,0.3 miles,Band: TBC
209,"Formans Road, Sparkhill, BIRMINGHAM",175000,Terraced,2,1,"Shipways, Shirley",https://www.rightmove.co.uk/properties/152360417#/?channel=RES_BUY,True,False,False,,"Formans Road, Springfield, Greet, Birmingham, West Midlands, England, B11 3AP, United Kingdom",52.4479279,-1.8571065,Freehold,0.9 miles,0.3 miles,Band: A
425,"Pipers Green, Birmingham, West Midlands, B28",350000,Detached,3,1,"A P Morgan, Shirley",https://www.rightmove.co.uk/properties/152225120#/?channel=RES_BUY,True,True,False,B28,"Pipers Green, Billesley, Yardley Wood, Birmingham, West Midlands, England, B28 0NU, United Kingdom",52.420771,-1.844492,Freehold,0.4 miles,0.3 miles,Band: D
443,"Reddings Lane, BIRMINGHAM, West Midlands, B11",130000,Flat,2,2,"Dixons, Acocks Green",https://www.rightmove.co.uk/properties/154580363#/?channel=RES_BUY,False,False,False,B11,"Reddings Lane, Springfield, Greet, Birmingham, West Midlands, England, B11 3HB, United Kingdom",52.4506332,-1.8463792,Leasehold,0.4 miles,0.1 miles,Band: TBC
643,"Wake Green Road, Moseley, West Midlands B13 9UZ",1000000,Detached,7,7,"Fine & Country, Birmingham",https://www.rightmove.co.uk/properties/152447750#/?channel=RES_BUY,True,True,False,B13 9UZ,"Wake Green Road, Moseley, Wake Green, Birmingham, West Midlands, England, B13 9PE, United Kingdom",52.4435399,-1.8774036,Freehold,0.7 miles,0.1 miles,Band: G
715,"Yardley Wood Road, Moseley, Birmingham, B13",400000,Detached,4,3,"Robert Oulsnam & Company, Moseley",https://www.rightmove.co.uk/properties/151166042#/?channel=RES_BUY,True,True,False,B13,"Yardley Wood Road, Springfield, Wake Green, Birmingham, West Midlands, England, B13 9LB, United Kingdom",52.438007,-1.8709076,Freehold,1.1 miles,0.1 miles,Band: D
340,"Manor Farm Road , Tyseley",185000,Terraced,2,1,"Encasa, Olton",https://www.rightmove.co.uk/properties/144404480#/?channel=RES_BUY,True,False,False,,"Manor Farm Road, Springfield, Greet, Birmingham, West Midlands, England, B11 2HU, United Kingdom",52.4539809,-1.8488193,Freehold,0.5 miles,0.1 miles,
54,"Billesley Lane, Moseley, Birmingham, B13 9RW",475000,Detached,3,1,"Wentworth & Rose, Harborne",https://www.rightmove.co.uk/properties/151839635#/?channel=RES_BUY,True,True,False,B13 9RW,"Billesley Lane, Kings Heath, Wake Green, Birmingham, West Midlands, England, B13 9RN, United Kingdom",52.4362956,-1.8810967,Freehold,1.5 miles,0.3 miles,Band: TBC
210,"Fox Green Crescent, Birmingham, West Midlands, B27",270000,End of Terrace,3,1,"Dixons, Acocks Green",https://www.rightmove.co.uk/properties/149906573#/?channel=RES_BUY,True,True,False,B27,"Fox Green Crescent, Acocks Green, Fox Hollies, Birmingham, West Midlands, England, B27 7SY, United Kingdom",52.4414125,-1.8377109,Freehold,0.1 miles,0.3 miles,Band: TBC
685,"Windermere Road, Moseley, Birmingham, B13",280000,Terraced,2,1,"Glovers Estate Agents, Kings Heath",https://www.rightmove.co.uk/properties/152297819#/?channel=RES_BUY,True,False,False,B13,"Windermere Road, Springfield, Wake Green, Birmingham, West Midlands, England, B13 9JS, United Kingdom",52.4401537,-1.8689397,Freehold,1.0 miles,0.3 miles,Band: B
580,"Streetsbrook Road, Solihull",465000,House,3,2,"Oakmans Estate Agents, Shirley",https://www.rightmove.co.uk/properties/151074476#/?channel=RES_BUY,True,True,False,,"Streetsbrook Road, Shirley, Solihull, West Midlands, England, B90 3PD, United Kingdom",52.4223289,-1.8253451,Freehold,1.8 miles,0.2 miles,Band: D
449,"Reservoir Road, Solihull",565000,Semi-Detached,4,1,"DM & Co. Homes, Solihull",https://www.rightmove.co.uk/properties/153805232#/?channel=RES_BUY,True,True,False,,"Reservoir Road, Ulverley Green, Solihull, West Midlands, England, B92 8BA, United Kingdom",52.4350462,-1.7993011,Freehold,0.3 miles,0.6 miles,Band: E
131,"Circular Road, Birmingham",240000,Terraced,2,1,"Burchell Edwards, Shirley",https://www.rightmove.co.uk/properties/151336823#/?channel=RES_BUY,True,True,False,,"Circular Road, Acocks Green, Fox Hollies, Birmingham, West Midlands, England, B27 7BY, United Kingdom",52.44092505,-1.823228483627468,Freehold,0.6 miles,0.2 miles,Band: A
334,"Lyons Grove, Birmingham",280000,Semi-Detached,3,1,"Burchell Edwards, Shirley",https://www.rightmove.co.uk/properties/154382543#/?channel=RES_BUY,True,True,False,,"Lyons Grove, Springfield, Wake Green, Birmingham, West Midlands, England, B11 4HR, United Kingdom",52.4477827,-1.86773,Freehold,1.2 miles,0.2 miles,Band: C
72,"Brampton Avenue, Birmingham, West Midlands, B28",400000,Semi-Detached,3,1,"A P Morgan, Shirley",https://www.rightmove.co.uk/properties/154118549#/?channel=RES_BUY,True,True,False,B28,"Brampton Avenue, Hall Green, Birmingham, West Midlands, England, B28 9LG, United Kingdom",52.4263865,-1.837349,Freehold,0.8 miles,0.1 miles,Band: C
86,"Brook Lane, Solihull",350000,Semi-Detached,3,1,"Smart Homes Ltd, Shirley",https://www.rightmove.co.uk/properties/154593113#/?channel=RES_BUY,True,True,False,,"Brook Lane, Kineton Green, Solihull, West Midlands, England, B92 7EJ, United Kingdom",52.4328943,-1.8150253,Freehold,0.6 miles,0.2 miles,Band: C
33,"Avery Drive, Birmingham, West Midlands, B27",300000,Detached,3,1,"Bairstow Eves, Acocks Green",https://www.rightmove.co.uk/properties/154387964#/?channel=RES_BUY,True,True,False,B27,"Avery Drive, Acocks Green, Tyseley, Birmingham, West Midlands, England, B27 6AL, United Kingdom",52.4503773,-1.8235883,Freehold,0.2 miles,0.3 miles,Band: D
158,"Dalbury Road, Hall Green",325000,Semi-Detached,3,1,"Smart Homes Ltd, Shirley",https://www.rightmove.co.uk/properties/150112391#/?channel=RES_BUY,True,True,False,,"Dalbury Road, Billesley, Yardley Wood, Birmingham, West Midlands, England, B28 0NE, United Kingdom",52.4182099,-1.847284,Freehold,0.4 miles,0.2 miles,Band: C
118,"Chamberlain Crescent, Shirley, Solihull",300000,Semi-Detached,3,1,"Shipways, Shirley",https://www.rightmove.co.uk/properties/148678502#/?channel=RES_BUY,True,True,False,,"Chamberlain Crescent, Shirley, Solihull, West Midlands, England, B90 2DQ, United Kingdom",52.4067802,-1.8361559,Freehold,0.5 miles,0.1 miles,Band: C
626,"Ulverley Green Road, Solihull, West Midlands, B92",325000,Semi-Detached,3,1,"Dixons, Solihull",https://www.rightmove.co.uk/properties/154475267#/?channel=RES_BUY,True,True,False,B92,"Ulverley Green Road, Olton, Solihull, West Midlands, England, B92 8BG, United Kingdom",52.4374965,-1.8041871,Freehold,0.2 miles,0.4 miles,Band: D
473,"Ryefield Close,Solihull B91 1PP",850000,Detached,5,2,"Clive Tanner Wyatts, Hall Green",https://www.rightmove.co.uk/properties/152341013#/?channel=RES_BUY,True,True,False,B91 1PP,"Ryefield Close, Sharmans Cross, Solihull, West Midlands, England, B91 1PP, United Kingdom",52.4180481,-1.8085889,Freehold,0.9 miles,0.3 miles,Band: F
81,"Bromwall Road, Birmingham",270000,House,3,1,"Oakmans Estate Agents, Shirley",https://www.rightmove.co.uk/properties/140607947#/?channel=RES_BUY,True,True,False,,"Bromwall Road, Billesley, Yardley Wood, Birmingham, West Midlands, England, B13 0LR, United Kingdom",52.4228231,-1.8701997,Freehold,0.5 miles,0.2 miles,Band: B
174,"Dunard Road, Shirley, Solihull, B90 2HR",395000,Detached,3,2,"Black & Golds Estate Agents, Solihull",https://www.rightmove.co.uk/properties/87026172#/?channel=RES_BUY,True,True,False,B90 2HR,"Dunard Road, Haslucks Green, Solihull, West Midlands, England, B90 2HR, United Kingdom",52.4112968,-1.8426263,Freehold,0.6 miles,0.4 miles,Band: D
77,"Broad Road, Acocks Green",135000,Maisonette,2,1,"Encasa, Olton",https://www.rightmove.co.uk/properties/154474991#/?channel=RES_BUY,False,True,False,,"Broad Road, Acocks Green, Fox Hollies, Birmingham, West Midlands, England, B27 7XB, United Kingdom",52.4469268,-1.8289905,Leasehold,0.3 miles,0.2 miles,
148,"Collingtree Court, Solihull, West Midlands, B92",180000,Flat,2,2,"Bairstow Eves, Acocks Green",https://www.rightmove.co.uk/properties/153043808#/?channel=RES_BUY,False,True,False,B92,"Collingtree Court, Olton, Solihull, West Midlands, England, B92 7HS, United Kingdom",52.441223,-1.8107268,Leasehold,0.3 miles,0.3 miles,Band: C
136,"Cole Valley Road, Birmingham",375000,Semi-Detached,3,2,"Shipways, Shirley",https://www.rightmove.co.uk/properties/151387379#/?channel=RES_BUY,True,True,False,,"Cole Valley Road, Billesley, Yardley Wood, Birmingham, West Midlands, England, B28 0DF, United Kingdom",52.4260147,-1.857011,Freehold,0.1 miles,0.2 miles,Band: C
333,"Lucks Avenue, Birmingham",280000,Semi-Detached,2,1,"Shipways, Shirley",https://www.rightmove.co.uk/properties/153174224#/?channel=RES_BUY,True,True,False,,"Lucks Avenue, Acocks Green, Fox Hollies, Birmingham, West Midlands, England, B28 8FD, United Kingdom",52.4432309,-1.8405828,Freehold,0.2 miles,0.2 miles,Band: C
133,"Clarence Road, Moseley",675000,Detached,5,1,"James Laurence Estate Agents, Edgbaston",https://www.rightmove.co.uk/properties/154103810#/?channel=RES_BUY,True,True,False,,"Clarence Road, Kings Heath, Wake Green, Birmingham, West Midlands, England, B13 9SZ, United Kingdom",52.4374952,-1.8829319,Freehold,1.6 miles,0.4 miles,Band: E
231,"Gospel Lane, Birmingham, B27",200000,Terraced,2,1,"Purplebricks, covering Birmingham",https://www.rightmove.co.uk/properties/152547530#/?channel=RES_BUY,True,True,False,B27,"Gospel Lane, Acocks Green, Fox Hollies, Birmingham, West Midlands, England, B27 7AY, United Kingdom",52.4393366,-1.8164658,Freehold,0.6 miles,0.2 miles,Band: A
613,"The Launde, Birmingham",300000,House,4,2,"Open House Estate Agents, Nationwide",https://www.rightmove.co.uk/properties/152500106#/?channel=RES_BUY,True,True,False,,"The Launde, Warstock, Yardley Wood, Birmingham, West Midlands, England, B28 0XP, United Kingdom",52.4096636,-1.8543647,Freehold,0.6 miles,0.3 miles,Band: C
388,"Northbrook Road, Shirley, B90",175000,Apartment,2,1,"Black & Golds Estate Agents, Solihull",https://www.rightmove.co.uk/properties/153948794#/?channel=RES_BUY,False,True,False,B90,"Northbrook Road, Sharmans Cross, Solihull, West Midlands, England, B90 3NP, United Kingdom",52.4193949,-1.8179748,Leasehold,1.3 miles,0.2 miles,Band: B
212,"Fox Hollies Road, BIRMINGHAM, West Midlands, B28",355000,Semi-Detached,3,2,"Dixons, Acocks Green",https://www.rightmove.co.uk/properties/154090382#/?channel=RES_BUY,True,True,False,B28,"Fox Hollies Road, Springfield, Hall Green, Birmingham, West Midlands, England, B28 9DB, United Kingdom",52.430371,-1.8415673,Freehold,0.4 miles,0.2 miles,Band: TBC
49,"Berry Maud Lane, Shirley",500000,Detached,4,2,"Smart Homes Ltd, Shirley",https://www.rightmove.co.uk/properties/152221637#/?channel=RES_BUY,True,True,False,,"Berry Maud Lane, Solihull Lodge, Solihull, West Midlands, England, B90 1BY, United Kingdom",52.4052943,-1.8539495,Freehold,0.3 miles,0.1 miles,Band: E
338,"Mallards Reach, Solihull",200000,Apartment,2,1,"Simon Burt The Estate Agent, Solihull",https://www.rightmove.co.uk/properties/153583133#/?channel=RES_BUY,True,True,False,,"Mallards Reach, Kineton Green, Solihull, West Midlands, England, B92 7BX, United Kingdom",52.432426750000005,-1.805943271709152,Leasehold,0.4 miles,0.3 miles,
354,"May Lane, Kings Heath, Birmingham, B14",290000,Terraced,3,1,"Purplebricks, covering Birmingham",https://www.rightmove.co.uk/properties/152054951#/?channel=RES_BUY,True,True,False,B14,"May Lane, Billesley, Brandwood End, Birmingham, West Midlands, England, B14 4AH, United Kingdom",52.4197347,-1.8839644,Freehold,1.1 miles,0.3 miles,Band: B
213,"Fox Hollies Road, Birmingham",230000,Terraced,3,2,"Manny Klarico, Hall Green",https://www.rightmove.co.uk/properties/153484847#/?channel=RES_BUY,True,True,False,,"Fox Hollies Road, Thimble End, Sutton Coldfield, Birmingham, West Midlands, England, B76 2BJ, United Kingdom",52.5446243,-1.7890476,Freehold,0.3 miles,0.2 miles,Band: A
350,"Marshall Lake Road, Shirley, Solihull",350000,Semi-Detached,4,1,"Burchell Edwards, Solihull",https://www.rightmove.co.uk/properties/143181125#/?channel=RES_BUY,True,True,False,,"Marshall Lake Road, Blossomfield, Solihull, West Midlands, England, B90 4PW, United Kingdom",52.4006555,-1.8145605,Freehold,1.3 miles,0.3 miles,Band: C
109,"Cambridge Way, Birmingham",400000,Detached,4,2,"Shipways, Shirley",https://www.rightmove.co.uk/properties/154175105#/?channel=RES_BUY,True,True,False,,"Cambridge Way, Acocks Green, Birmingham, West Midlands, England, B27 6SP, United Kingdom",52.4525605,-1.8119178,Freehold,0.3 miles,0.2 miles,Band: D
292,"Hopton Grove, BIRMINGHAM, West Midlands, B13",235000,End of Terrace,3,1,"Dixons, Kings Heath",https://www.rightmove.co.uk/properties/153953108#/?channel=RES_BUY,True,True,False,B13,"Hopton Grove, Billesley, Yardley Wood, Birmingham, West Midlands, England, B13 0LQ, United Kingdom",52.422389,-1.8677865,Ask agent,0.6 miles,0.2 miles,Band: TBC
244,"Gresham Road, Birmingham",325000,Semi-Detached,3,1,"Shipways, Shirley",https://www.rightmove.co.uk/properties/154393907#/?channel=RES_BUY,True,True,False,,"Gresham Road, Billesley, Hall Green, Birmingham, West Midlands, England, B28 0HZ, United Kingdom",52.4237163,-1.8444108,Freehold,0.4 miles,0.5 miles,Band: C
346,"Marion Way, Birmingham, B28",175000,Maisonette,2,1,"Xact Homes, Solihull",https://www.rightmove.co.uk/properties/149577848#/?channel=RES_BUY,True,False,False,B28,"Marion Way, Billesley, Yardley Wood, Birmingham, West Midlands, England, B28 0BH, United Kingdom",52.4293299,-1.8530706,Leasehold,0.6 miles,0.3 miles,Band: B
705,"Woodstock Road, Moseley",500000,Semi-Detached,4,2,"Rice Chamberlains LLP, Moseley",https://www.rightmove.co.uk/properties/152167388#/?channel=RES_BUY,True,True,False,,"Woodstock Road, Springfield, Wake Green, Birmingham, West Midlands, England, B13 9BX, United Kingdom",52.4482451,-1.8732157,Freehold,1.2 miles,0.1 miles,Band: D
445,"Reddings Lane, Hall Green",230000,Terraced,3,1,"Manny Klarico, Hall Green",https://www.rightmove.co.uk/properties/154204403#/?channel=RES_BUY,True,True,False,,"Reddings Lane, Springfield, Greet, Birmingham, West Midlands, England, B28 8TE, United Kingdom",52.4417582,-1.8488402,Freehold,0.4 miles,0.2 miles,Band: B
63,"Boscombe Road, Birmingham, West Midlands",120000,Terraced,2,1,"Leaders Sales, Maypole",https://www.rightmove.co.uk/properties/154328228#/?channel=RES_BUY,True,False,False,,"Boscombe Road, Springfield, Greet, Birmingham, West Midlands, England, B11 3RH, United Kingdom",52.45197,-1.8485129,Freehold,0.5 miles,0.1 miles,Band: A
211,"Fox Hollies Road, Acocks Green",240000,End of Terrace,3,1,"Manny Klarico, Hall Green",https://www.rightmove.co.uk/properties/135108512#/?channel=RES_BUY,True,True,False,,"Fox Hollies Road, Acocks Green, Fox Hollies, Birmingham, West Midlands, England, B27 7PX, United Kingdom",52.4398162,-1.8343341,Freehold,0.4 miles,0.2 miles,Band: B
260,"Haslucks Green Road, Shirley, Solihull",190000,Ground Flat,2,1,"Burchell Edwards, Shirley",https://www.rightmove.co.uk/properties/147223274#/?channel=RES_BUY,True,True,False,,"Haslucks Green Road, Shirley, Solihull, West Midlands, England, B90 3BH, United Kingdom",52.4152921,-1.8290964,Leasehold,0.8 miles,0.4 miles,Band: B
257,"Hargrave Road, Shirley, Solihull",450000,Detached,4,2,"Oakmans Estate Agents, Shirley",https://www.rightmove.co.uk/properties/154155692#/?channel=RES_BUY,True,True,False,,"Hargrave Road, Solihull Lodge, Solihull, West Midlands, England, B90 1HU, United Kingdom",52.4048974,-1.8603926,Freehold,0.8 miles,0.2 miles,Band: D
10,"Addison Road, Kings Heath, Birmingham, B14",415000,Terraced,5,2,"Glovers Estate Agents, Kings Heath",https://www.rightmove.co.uk/properties/148605551#/?channel=RES_BUY,True,False,False,B14,"Addison Road, Kings Heath, Wake Green, Birmingham, West Midlands, England, B14 7EJ, United Kingdom",52.4313331,-1.8885061,Freehold,1.5 miles,0.1 miles,Band: B
155,"Croome Close, Sparkhill, Birmingham, B11",345000,Semi-Detached,3,1,"Robert Oulsnam & Company, Moseley",https://www.rightmove.co.uk/properties/152236007#/?channel=RES_BUY,True,True,False,B11,"Croome Close, Sparkhill, Birmingham, West Midlands, England, B11, United Kingdom",52.44882446111353,-1.870650026528147,Freehold,1.1 miles,0.3 miles,Band: C
521,"Shirley Road, Acocks Green, Birmingham, West Midlands, B27",430000,Semi-Detached,4,2,"A P Morgan, Shirley",https://www.rightmove.co.uk/properties/152092067#/?channel=RES_BUY,True,True,False,B27,"Shirley Road, Acocks Green, Fox Hollies, Birmingham, West Midlands, England, B27 7NN, United Kingdom",52.4416631,-1.8255395,Freehold,0.5 miles,0.2 miles,Band: D
259,"Haseley Road, Solihull, B91 1DH",440000,Detached,3,1,"Arden Estates, Solihull",https://www.rightmove.co.uk/properties/153542495#/?channel=RES_BUY,True,True,False,B91 1DH,"Haseley Road, Sharmans Cross, Solihull, West Midlands, England, B91 1DH, United Kingdom",52.4229621,-1.805157,Freehold,0.9 miles,0.2 miles,Band: TBC
531,"Sladepool Farm Road, Birmingham",250000,Semi-Detached,3,1,"Shipways, Shirley",https://www.rightmove.co.uk/properties/153840470#/?channel=RES_BUY,True,True,False,,"Sladepool Farm Road, Warstock, Highters Heath, Birmingham, West Midlands, England, B14 5EF, United Kingdom",52.4084959,-1.8823846,Freehold,1.6 miles,0.2 miles,Band: B
196,"Fallowfield Avenue, Birmingham",375000,Semi-Detached,3,1,"Shipways, Shirley",https://www.rightmove.co.uk/properties/154552121#/?channel=RES_BUY,True,True,False,,"Fallowfield Avenue, Billesley, Yardley Wood, Birmingham, West Midlands, England, B28 0ND, United Kingdom",52.4185592,-1.8449337,Freehold,0.5 miles,0.2 miles,Band: C
412,"Park Road, Birmingham, B11",400000,Terraced,5,2,"Purplebricks, covering Birmingham",https://www.rightmove.co.uk/properties/121250654#/?channel=RES_BUY,True,False,False,B11,"Park Road, Birmingham, West Midlands, England, B11, United Kingdom",52.44853865010483,-1.868405114984758,Freehold,1.1 miles,0.1 miles,Band: C
599,"Tenchlee Place, Hall Green, Birmingham",520000,Detached,4,3,"Connells, Birmingham City",https://www.rightmove.co.uk/properties/135112643#/?channel=RES_BUY,True,True,True,,"Shaftmoor Lane, Hall Green, Birmingham, West Midlands, England, B28 8SW, United Kingdom",52.44236410112429,-1.8427314180797243,Freehold,0.2 miles,0.2 miles,Band: TBC
595,"Tenby Road, Birmingham",200000,Terraced,3,1,"Manny Klarico, Hall Green",https://www.rightmove.co.uk/properties/147675044#/?channel=RES_BUY,True,True,False,,"Tenby Road, Springfield, Greet, Birmingham, West Midlands, England, B13 9LY, United Kingdom",52.4411433,-1.8563656,Freehold,0.6 miles,0.2 miles,Band: A
667,"Webb Lane, Hall Green",370000,Semi-Detached,3,1,"Rice Chamberlains LLP, Moseley",https://www.rightmove.co.uk/properties/154219634#/?channel=RES_BUY,True,True,False,,"Webb Lane, Billesley, Yardley Wood, Birmingham, West Midlands, England, B28 0DX, United Kingdom",52.4257568,-1.8527278,Freehold,0.3 miles,0.4 miles,Band: D
436,"Radbourne Road, Shirley, Solihull, B90 3RT",575000,Detached,4,2,"Arden Estates, Solihull",https://www.rightmove.co.uk/properties/151646738#/?channel=RES_BUY,True,True,False,B90 3RT,"Radbourne Road, Blossomfield, Solihull, West Midlands, England, B90 3RR, United Kingdom",52.4105685,-1.8115467,Freehold,1.0 miles,0.2 miles,
678,"Weston Lane, Birmingham",220000,Terraced,3,1,"Connells, Birmingham City",https://www.rightmove.co.uk/properties/140933774#/?channel=RES_BUY,True,True,False,,"Weston Lane, Springfield, Greet, Birmingham, West Midlands, England, B11 2LS, United Kingdom",52.4527623,-1.8534127,Freehold,0.5 miles,0.1 miles,Band: A
377,"Myton Drive, Solihull",400000,Semi-Detached,3,1,"Abode Residential Ltd, Solihull",https://www.rightmove.co.uk/properties/153233813#/?channel=RES_BUY,True,True,False,,"Myton Drive, Solihull Lodge, Solihull, West Midlands, England, B90 1HD, United Kingdom",52.4054061,-1.8561761,Freehold,0.5 miles,0.1 miles,Band: C
145,"Colebrook Road, Shirley, Solihull",335000,Semi-Detached,4,1,"Melvyn Danes, Shirley",https://www.rightmove.co.uk/properties/145331594#/?channel=RES_BUY,True,True,False,,"Colebrook Road, Haslucks Green, Solihull, West Midlands, England, B90 1AX, United Kingdom",52.40738,-1.849299,Freehold,0.4 miles,0.2 miles,
101,"Cadbury Road, Moseley",380000,Terraced,4,2,"Rice Chamberlains LLP, Moseley",https://www.rightmove.co.uk/properties/145357994#/?channel=RES_BUY,True,False,False,,"Cadbury Road, Springfield, Wake Green, Birmingham, West Midlands, England, B13 9BH, United Kingdom",52.4496037,-1.8741293,Freehold,1.2 miles,0.1 miles,Band: D
296,"Hytall Road, Shirley, SOLIHULL",110000,Flat,1,1,"Burchell Edwards, Shirley",https://www.rightmove.co.uk/properties/150848129#/?channel=RES_BUY,True,True,False,,"Hytall Road, Solihull Lodge, Solihull, West Midlands, England, B90 1NF, United Kingdom",52.4083248,-1.8671782,Leasehold,1.0 miles,0.4 miles,Band: A
448,"Reservoir Road, Solihull",445000,Semi-Detached,4,1,"Hunters, Solihull",https://www.rightmove.co.uk/properties/151662326#/?channel=RES_BUY,True,True,False,,"Reservoir Road, Ulverley Green, Solihull, West Midlands, England, B92 8BA, United Kingdom",52.4350462,-1.7993011,Freehold,0.4 miles,0.6 miles,Band: E
622,"Trinity Court, Moseley",215000,Apartment,2,1,"Rice Chamberlains LLP, Moseley",https://www.rightmove.co.uk/properties/153242372#/?channel=RES_BUY,True,True,False,,"53 Wake Green Road, Moseley, Birmingham, West Midlands, England, B13 9HW, United Kingdom",52.44380463429303,-1.878170617197836,Leasehold,1.6 miles,0.2 miles,Band: D
417,"Peterbrook Road, Shirley",500000,Detached,3,2,"Smart Homes Ltd, Shirley",https://www.rightmove.co.uk/properties/153041453#/?channel=RES_BUY,True,True,False,,"Peterbrook Road, Solihull Lodge, Solihull, West Midlands, England, B90 1JQ, United Kingdom",52.4023281,-1.8558247,Freehold,0.7 miles,0.2 miles,Band: D
284,"Heathcliff Road, BIRMINGHAM",190000,Terraced,3,1,"Connells, Kings Heath",https://www.rightmove.co.uk/properties/152188445#/?channel=RES_BUY,True,True,False,,"Heathcliff Road, Acocks Green, Tyseley, Birmingham, West Midlands, England, B11 3RA, United Kingdom",52.4518265,-1.839945,Freehold,0.2 miles,0.2 miles,Band: A
182,"Edgcombe Road, Hall Green",290000,End of Terrace,3,2,"Manny Klarico, Hall Green",https://www.rightmove.co.uk/properties/146635928#/?channel=RES_BUY,True,True,False,,"Edgcombe Road, Billesley, Fox Hollies, Birmingham, West Midlands, England, B28 8NE, United Kingdom",52.4390973,-1.8451682,Freehold,0.2 miles,0.1 miles,Band: B
327,"Longmore Road, Shirley, Solihull",475000,Semi-Detached,3,1,"Burchell Edwards, Shirley",https://www.rightmove.co.uk/properties/151801433#/?channel=RES_BUY,True,True,False,,"Longmore Road, Blossomfield, Solihull, West Midlands, England, B90 3EX, United Kingdom",52.4044141,-1.8134917,Freehold,1.3 miles,0.2 miles,Band: D
31,"Ashwell Drive, Shirley, Solihull",375000,Semi-Detached Bungalow,2,1,"Burchell Edwards, Shirley",https://www.rightmove.co.uk/properties/151017920#/?channel=RES_BUY,True,True,False,,"Ashwell Drive, Sharmans Cross, Solihull, West Midlands, England, B90 3LR, United Kingdom",52.4141396,-1.8138798,Freehold,1.1 miles,0.2 miles,Band: D
699,"Woodshires Road, Solihull, West Midlands, B92",200000,Flat,2,1,"John Shepherd, Solihull",https://www.rightmove.co.uk/properties/148552664#/?channel=RES_BUY,False,True,False,B92,"Woodshires Road, Kineton Green, Solihull, West Midlands, England, B92 7DN, United Kingdom",52.4301982,-1.8050122,Leasehold,0.6 miles,0.3 miles,Band: C
549,"St Agnes Road, Moseley, Birmingham, B13",745000,Semi-Detached,6,2,"Robert Oulsnam & Company, Moseley",https://www.rightmove.co.uk/properties/133217753#/?channel=RES_BUY,True,True,False,B13,"St Agnes Road, Springfield, Wake Green, Birmingham, West Midlands, England, B13 9JW, United Kingdom",52.4387757,-1.8714784,Freehold,1.3 miles,0.6 miles,Band: G
558,"Stockfield Road, Acocks Green, Birmingham, West Midlands, B27",365000,End of Terrace,5,2,"Dixons, Acocks Green",https://www.rightmove.co.uk/properties/153009605#/?channel=RES_BUY,True,True,False,B27,"Stockfield Road, Acocks Green, Tyseley, Birmingham, West Midlands, England, B27 6AP, United Kingdom",52.4523038,-1.8313123,Freehold,0.4 miles,0.5 miles,Band: TBC
396,"Oberon Drive, Shirley, B90 2NU",450000,Semi-Detached Bungalow,3,2,"Drakes Estate Agents, Hollywood",https://www.rightmove.co.uk/properties/149779196#/?channel=RES_BUY,True,True,False,B90 2NU,"Oberon Drive, Shirley, Solihull, West Midlands, England, B90 2NU, United Kingdom",52.4036533,-1.8313407,Freehold,0.6 miles,0.2 miles,Band: D
422,"Philip Sidney Road, BIRMINGHAM, West Midlands, B11",180000,Terraced,3,1,"Dixons, Moseley",https://www.rightmove.co.uk/properties/154092749#/?channel=RES_BUY,True,False,False,B11,"Philip Sidney Road, Springfield, Wake Green, Birmingham, West Midlands, England, B11 4HY, United Kingdom",52.4468504,-1.8682942,Freehold,1.2 miles,0.2 miles,Band: A
568,"Stratford Road, Shirley, Solihull",445000,Semi-Detached,4,2,"DM & Co. Land & New Homes, Solihull",https://www.rightmove.co.uk/properties/154332299#/?channel=RES_BUY,True,True,True,,"Stratford Road, Shirley, Solihull, West Midlands, England, B90 4BS, United Kingdom",52.3974792,-1.8185877,Freehold,1.1 miles,0.0 miles,Band: TBC
55,"Bills Lane, Shirley, Solihull",799950,Cottage,3,4,"Horton & Senate, Shirley",https://www.rightmove.co.uk/properties/149929445#/?channel=RES_BUY,True,True,False,,"Bills Lane, Shirley, Solihull, West Midlands, England, B90 2PE, United Kingdom",52.4045923,-1.8311453,Freehold,0.3 miles,0.4 miles,Band: E
332,"Lucks Avenue, Birmingham",280000,Semi-Detached,2,1,"Shipways, Shirley",https://www.rightmove.co.uk/properties/152244824#/?channel=RES_BUY,True,True,False,,"Lucks Avenue, Acocks Green, Fox Hollies, Birmingham, West Midlands, England, B28 8FD, United Kingdom",52.4432309,-1.8405828,Freehold,0.2 miles,0.2 miles,Band: C
335,"Lyons Grove, Sparkhill, Birmingham, B11",285000,Semi-Detached,3,1,"Robert Oulsnam & Company, Moseley",https://www.rightmove.co.uk/properties/147305513#/?channel=RES_BUY,True,True,False,B11,"Lyons Grove, Springfield, Wake Green, Birmingham, West Midlands, England, B11 4HR, United Kingdom",52.4477827,-1.86773,Freehold,1.1 miles,0.2 miles,Band: TBC
457,"Roberts Road, Birmingham, B27 6NF",280000,Terraced,3,1,"Edwards and Gray, West Midlands",https://www.rightmove.co.uk/properties/150392030#/?channel=RES_BUY,True,True,False,B27 6NF,"Roberts Road, Acocks Green, Tyseley, Birmingham, West Midlands, England, B27 6NF, United Kingdom",52.4488317,-1.8164069,Freehold,0.1 miles,0.1 miles,
300,"Jacey Road, Shirley",375000,Semi-Detached,3,1,"Smart Homes Ltd, Shirley",https://www.rightmove.co.uk/properties/150108830#/?channel=RES_BUY,True,True,False,,"Jacey Road, Shirley, Solihull, West Midlands, England, B90 3LW, United Kingdom",52.4171985,-1.8219741,Freehold,1.2 miles,0.3 miles,Band: D
76,"Brandon Court, 365 Wake Green Road, Moseley, Birmingham, B13",199950,Duplex,2,2,"Nicholas George Ltd, Moseley",https://www.rightmove.co.uk/properties/153944837#/?channel=RES_BUY,False,True,False,B13,"356 Wake Green Road, Moseley, Birmingham, West Midlands, England, B13, United Kingdom",52.431594828004734,-1.8572746283589692,Leasehold,0.7 miles,0.4 miles,Band: TBC
2,"294 Haslucks Green Road, Solihull, B90",190000,Apartment,2,2,"Purplebricks, covering Birmingham",https://www.rightmove.co.uk/properties/145922231#/?channel=RES_BUY,True,True,False,B90,"Haslucks Green Road, Haslucks Green, Solihull, West Midlands, England, B90 1AA, United Kingdom",52.4027652,-1.8450121,Leasehold,0.2 miles,0.3 miles,Band: B
250,"Greswolde Road, Solihull, West Midlands, B91",575000,Semi-Detached,3,2,"John Shepherd, Solihull",https://www.rightmove.co.uk/properties/154175984#/?channel=RES_BUY,True,True,False,B91,"Greswolde Road, Kineton Green, Solihull, West Midlands, England, B91 1DZ, United Kingdom",52.4277246,-1.8030184,Freehold,0.7 miles,0.2 miles,Band: E
204,"Florence Road, BIRMINGHAM, West Midlands, B27",240000,Terraced,3,1,"Dixons, Acocks Green",https://www.rightmove.co.uk/properties/153889991#/?channel=RES_BUY,True,False,False,B27,"Florence Road, Acocks Green, Tyseley, Birmingham, West Midlands, England, B27 6LG, United Kingdom",52.4531993,-1.817558,Ask agent,0.3 miles,0.1 miles,Band: TBC
291,"Hilton Avenue, Birmingham",350000,Semi-Detached,3,2,"Shipways, Shirley",https://www.rightmove.co.uk/properties/152642933#/?channel=RES_BUY,True,True,False,,"Hilton Avenue, Billesley, Yardley Wood, Birmingham, West Midlands, England, B28 0PE, United Kingdom",52.4163093,-1.8467894,Freehold,0.5 miles,0.1 miles,Band: C
714,"Yardley Wood Road, Moseley, Birmingham, B13",129500,Apartment,1,1,"Robert Oulsnam & Company, Moseley",https://www.rightmove.co.uk/properties/154365518#/?channel=RES_BUY,False,True,False,B13,"Yardley Wood Road, Springfield, Wake Green, Birmingham, West Midlands, England, B13 9LB, United Kingdom",52.438007,-1.8709076,Leasehold,1.2 miles,0.3 miles,Band: TBC
361,"Miall Road, B28",365000,Semi-Detached,3,1,"Black & Golds Estate Agents, Solihull",https://www.rightmove.co.uk/properties/153449534#/?channel=RES_BUY,True,True,False,B28,"Miall Road, Hall Green, Birmingham, West Midlands, England, B28 9BP, United Kingdom",52.432473,-1.8372659,Freehold,0.4 miles,0.3 miles,Band: C
570,"Stratford Road, Shirley, Solihull",485000,Detached,4,2,"DM & Co. Land & New Homes, Solihull",https://www.rightmove.co.uk/properties/144413441#/?channel=RES_BUY,True,True,True,,"Stratford Road, Shirley, Solihull, West Midlands, England, B90 4BS, United Kingdom",52.3974792,-1.8185877,Freehold,1.0 miles,0.1 miles,Band: TBC
526,"Shirley Road, Hall Green, Birmingham, B28 9JR",470000,Semi-Detached,5,3,"Black & Golds Estate Agents, Solihull",https://www.rightmove.co.uk/properties/143326661#/?channel=RES_BUY,True,True,False,B28 9JR,"Shirley Road, Hall Green, Birmingham, West Midlands, England, B28 9JR, United Kingdom",52.4263621,-1.8365478,Freehold,0.8 miles,0.1 miles,Band: D
302,"James Court, Wake Green Park",100000,Flat,1,1,"Rice Chamberlains LLP, Moseley",https://www.rightmove.co.uk/properties/153012953#/?channel=RES_BUY,False,True,False,,"James Court, Wake Green Park, Springfield, Wake Green, Birmingham, West Midlands, England, B13 9XY, United Kingdom",52.44402725,-1.8716949985933289,Leasehold,1.3 miles,0.5 miles,Band: A
578,"Streetsbrook Road, Shirley, Solihull, West Midlands, B90",550000,Detached,4,2,"John Shepherd, Solihull",https://www.rightmove.co.uk/properties/153612203#/?channel=RES_BUY,True,True,False,B90,"Streetsbrook Road, Shirley, Solihull, West Midlands, England, B90 3PD, United Kingdom",52.4223289,-1.8253451,Freehold,1.2 miles,0.3 miles,Band: E
181,"Eaton Road, Birmingham, West Midlands, B11",350000,Semi-Detached,4,2,"Bairstow Eves, Acocks Green",https://www.rightmove.co.uk/properties/152486381#/?channel=RES_BUY,True,True,False,B11,"Eaton Road, Springfield, Tyseley, Birmingham, West Midlands, England, B11 3JP, United Kingdom",52.4487554,-1.8449118,Freehold,0.4 miles,0.1 miles,Band: C
223,"Geoffrey Road, Birmingham, West Midlands, B11",260000,Terraced,3,1,"Dixons, Moseley",https://www.rightmove.co.uk/properties/153908018#/?channel=RES_BUY,True,True,False,B11,"Geoffrey Road, Springfield, Wake Green, Birmingham, West Midlands, England, B11 4HU, United Kingdom",52.4459991,-1.8673845,Freehold,1.1 miles,0.3 miles,Band: A
482,"School Road, B90",310000,Semi-Detached,3,1,"Black & Golds Estate Agents, Solihull",https://www.rightmove.co.uk/properties/153839528#/?channel=RES_BUY,True,True,False,B90,"School Road, Shirley, Solihull, West Midlands, England, B90 2AX, United Kingdom",52.4058975,-1.826055,Freehold,0.9 miles,0.1 miles,
656,"Warwick Road, Solihull, B92",125000,Apartment,1,1,"Ferndown Estates, Marston Green",https://www.rightmove.co.uk/properties/148649465#/?channel=RES_BUY,False,True,False,B92,"Warwick Road, Olton, Solihull, West Midlands, England, B92 7JT, United Kingdom",52.4387414,-1.8071598,Leasehold,0.5 miles,0.5 miles,
331,"Loxley Court, Baldwins Lane, Birmingham, B28 0FH",210000,Flat,2,1,"Arden Estates, Solihull",https://www.rightmove.co.uk/properties/154619909#/?channel=RES_BUY,False,True,False,B28 0FH,"Loxley Court, Baldwins Lane, Birmingham, West Midlands, England, B28 0FH,	United Kingdom",52.42095047459805,-1.8383903929671763,Freehold,0.7 miles,0.3 miles,Band: C
135,"Coldbath Road, Kings Heath, Birmingham B13",225000,Terraced,3,1,"Glovers Estate Agents, Kings Heath",https://www.rightmove.co.uk/properties/149319863#/?channel=RES_BUY,True,False,False,B13,"Coldbath Road, Springfield, Wake Green, Birmingham, West Midlands, England, B13 0AQ, United Kingdom",52.4330825,-1.8731037,Freehold,1.1 miles,0.2 miles,Band: B
90,"Brookvale Grove, Solihull",325000,Semi-Detached,3,1,"Burchell Edwards, Solihull",https://www.rightmove.co.uk/properties/151899899#/?channel=RES_BUY,True,True,False,,"Brookvale Grove, Olton, Solihull, West Midlands, England, B92 7JH, United Kingdom",52.4389659,-1.8117228,Freehold,0.3 miles,0.2 miles,Band: D
353,"Masons Way, Solihull",265000,Terraced,3,1,"Smart Homes Ltd, Shirley",https://www.rightmove.co.uk/properties/154268261#/?channel=RES_BUY,True,True,False,,"Masons Way, Olton, Solihull, West Midlands, England, B92 7JE, United Kingdom",52.4409181,-1.8073605,Freehold,0.2 miles,0.2 miles,Band: C
324,"Littlemead Road, Shirley, Solihull",495000,Semi-Detached,4,2,"Sterling Homes, Birmingham",https://www.rightmove.co.uk/properties/153283946#/?channel=RES_BUY,True,True,False,,"Littlemead Road, Shirley, Solihull, Birmingham, West Midlands, England, B90 , United Kingdom",2.39688028331134,-1.8501598271600035,Freehold,0.4 miles,0.3 miles,
319,"Langley Hall Road, Solihull, B92 7HB",350000,Terraced,3,1,"Arden Estates, Solihull",https://www.rightmove.co.uk/properties/153737951#/?channel=RES_BUY,True,True,False,B92 7HB,"Langley Hall Road, Kineton Green, Solihull, West Midlands, England, B27 7AW, United Kingdom",52.4296437,-1.819594,Freehold,0.7 miles,0.2 miles,Band: C
60,"Blenheim Road, Moseley",480000,Detached,3,1,"Rice Chamberlains LLP, Moseley",https://www.rightmove.co.uk/properties/150959195#/?channel=RES_BUY,True,True,False,,"Blenheim Road, Kings Heath, Wake Green, Birmingham, West Midlands, England, B13 9SZ, United Kingdom",52.4379696,-1.8827914,Freehold,1.6 miles,0.3 miles,Band: D
165,"Douglas Road, Acocks Green",325000,End of Terrace,3,2,"Manny Klarico, Hall Green",https://www.rightmove.co.uk/properties/153616700#/?channel=RES_BUY,True,True,False,,"Douglas Road, Acocks Green, Tyseley, Birmingham, West Midlands, England, B27 6HW, United Kingdom",52.4524158,-1.8229612,Freehold,0.3 miles,0.1 miles,Band: B
30,"Ashdale Drive, Nr Hollywood",250000,Terraced,3,1,"Melvyn Danes, Wythall",https://www.rightmove.co.uk/properties/146414753#/?channel=RES_BUY,True,True,False,,"Ashdale Drive, Maypole, Hollywood, Birmingham, West Midlands, England, B14, United Kingdom",52.402974437344255,-1.8791687366426464,Freehold,1.2 miles,0.2 miles,Band: C
69,"Braceby Avenue, Birmingham",190000,Terraced,3,1,"Shipways, Shirley",https://www.rightmove.co.uk/properties/150183542#/?channel=RES_BUY,True,True,False,,"Braceby Avenue, Billesley, Yardley Wood, Birmingham, West Midlands, England, B13 0US, United Kingdom",52.4274741,-1.8668821,Freehold,0.5 miles,0.1 miles,Band: B
408,"Pailton Road, Shirley, Solihull, West Midlands, B90",159500,Apartment,2,1,"A P Morgan, Shirley",https://www.rightmove.co.uk/properties/151455233#/?channel=RES_BUY,False,True,False,B90,"Pailton Road, Shirley, Solihull, West Midlands, England, B90 3NZ, United Kingdom",52.4192211,-1.828235,Leasehold,1.1 miles,0.5 miles,Band: B
